{
  "decision_tree": {
    "applications": 0.005187485298558831,
    "fema_claims_mean": 0.9912654977403117,
    "declaration": 0.0,
    "tsa_eligible_rate": 2.9932038875335592e-05,
    "owner_rate": 0.0001133459150473404,
    "renter_rate": 0.00017385326769279663,
    "acs_total_population": 0.00014374726626937353,
    "svi_total_population": 0.0,
    "median_household_income": 0.0005357284725278578,
    "pct_poverty": 0.00013059826529279706,
    "pct_elderly": 9.160436197873655e-05,
    "pct_children": 0.0001947173817748131,
    "pct_black": 0.00039412642231618914,
    "pct_hispanic": 0.0,
    "pct_no_vehicle": 0.0,
    "pct_limited_english": 0.00010533097341198509,
    "housing_units": 8.825681036844836e-05,
    "pct_mobile_homes": 0.0003314232898108064,
    "pct_multi_unit": 0.000297276129222365,
    "pct_crowded_housing": 0.00024282191847789774,
    "max_wind_mph": 0.0,
    "total_rainfall_in": 0.0,
    "min_distance_km": 0.0003065791337127448,
    "pct_floodplain": 7.507926948652318e-05,
    "in_fema_decl": 0.0,
    "in_noaa_exposure": 5.824834728632265e-05,
    "area_sq_mi": 0.0,
    "noaa_distance_km": 0.0,
    "noaa_max_wind_kt": 0.0,
    "noaa_duration_hours": 0.00023434769757718778
  },
  "random_forest": {
    "applications": 0.004634521822411671,
    "fema_claims_mean": 0.9895952793319119,
    "declaration": 0.0,
    "tsa_eligible_rate": 0.00048428369496407247,
    "owner_rate": 0.00028948525161066305,
    "renter_rate": 0.0002555238042244307,
    "acs_total_population": 0.00014074781110895012,
    "svi_total_population": 0.00015454165744635185,
    "median_household_income": 0.0003683274894712196,
    "pct_poverty": 0.0003475959380278184,
    "pct_elderly": 0.0002970419266743107,
    "pct_children": 0.0002572636106801856,
    "pct_black": 0.0003606428948151447,
    "pct_hispanic": 0.0002459496146355189,
    "pct_no_vehicle": 0.0003426566570583147,
    "pct_limited_english": 0.00023024790640426967,
    "housing_units": 0.0002560432064454818,
    "pct_mobile_homes": 0.0002808378565039819,
    "pct_multi_unit": 0.0002492117175899468,
    "pct_crowded_housing": 0.0001911370325330482,
    "max_wind_mph": 0.0,
    "total_rainfall_in": 0.0,
    "min_distance_km": 0.00035214297308709084,
    "pct_floodplain": 0.0002771133944870465,
    "in_fema_decl": 0.00021874811907587758,
    "in_noaa_exposure": 0.0001333137363290899,
    "area_sq_mi": 8.45675155198118e-06,
    "noaa_distance_km": 6.8161570138838694e-06,
    "noaa_max_wind_kt": 1.2911423542491043e-05,
    "noaa_duration_hours": 9.158220395121523e-06
  }
}