{
  "decision_tree": {
    "applications": 0.003621984618800482,
    "fema_claims_mean": 0.9908392061151323,
    "declaration": 0.0,
    "tsa_eligible_rate": 0.0,
    "owner_rate": 0.0,
    "renter_rate": 0.00030373097909657296,
    "acs_total_population": 0.0,
    "svi_total_population": 0.0,
    "median_household_income": 0.0,
    "pct_poverty": 0.0021277768878184343,
    "pct_elderly": 0.0,
    "pct_children": 0.0,
    "pct_black": 0.0,
    "pct_hispanic": 0.0,
    "pct_no_vehicle": 0.0,
    "pct_limited_english": 0.0,
    "housing_units": 0.000520770225945463,
    "pct_mobile_homes": 0.0006487522415850842,
    "pct_multi_unit": 0.0,
    "pct_crowded_housing": 0.0,
    "max_wind_mph": 0.0,
    "total_rainfall_in": 0.0,
    "min_distance_km": 0.0,
    "pct_floodplain": 0.0,
    "in_fema_decl": 0.0019377789316215868,
    "in_noaa_exposure": 0.0,
    "area_sq_mi": 0.0,
    "noaa_distance_km": 0.0,
    "noaa_max_wind_kt": 0.0,
    "noaa_duration_hours": 0.0
  },
  "random_forest": {
    "applications": 0.04421305320910633,
    "fema_claims_mean": 0.9173546785372865,
    "declaration": 0.0,
    "tsa_eligible_rate": 0.0005519111662039796,
    "owner_rate": 0.0009334109345575821,
    "renter_rate": 0.0006320297962307477,
    "acs_total_population": 0.0005526650586659315,
    "svi_total_population": 0.0007220056389682192,
    "median_household_income": 0.0012662052347678697,
    "pct_poverty": 0.003553996796148448,
    "pct_elderly": 0.0006191771224607823,
    "pct_children": 0.0007243186789401409,
    "pct_black": 0.0043926593151181114,
    "pct_hispanic": 0.0006529026417058361,
    "pct_no_vehicle": 0.0011748016515495726,
    "pct_limited_english": 0.0004228087153237,
    "housing_units": 0.0008652426089555525,
    "pct_mobile_homes": 0.0012039708629449542,
    "pct_multi_unit": 0.0007069735623233261,
    "pct_crowded_housing": 0.000979554576676352,
    "max_wind_mph": 0.0,
    "total_rainfall_in": 0.0,
    "min_distance_km": 0.0013584631577237007,
    "pct_floodplain": 0.0011288042296296527,
    "in_fema_decl": 0.0127219229960959,
    "in_noaa_exposure": 0.0017466856119505128,
    "area_sq_mi": 0.0006619255991625614,
    "noaa_distance_km": 0.0002517917557523489,
    "noaa_max_wind_kt": 0.00021505249927455172,
    "noaa_duration_hours": 0.00039298804247697006
  }
}